BANKRUPTCY_TYPE,BANK_BEGIN_DATE,COMPANY_FKEY,BEST_EDGAR_TICKER,SHORT_NAME,IS_IN_SP500,IS_IN_NASDAQ_COMPOSITE,IS_IN_RUSSELL_2000
11,2017-04-21,0000002178,AE,ADAMS RES & ENERGY,0,0,2
11,2011-11-29,0000004515,,AMER AIRLINES,0,0,0
11,2011-11-29,0000006201,AAL,AMER AIRLINES,5,1,1
11,2009-03-18,0000009779,,FAIRCHILD,0,0,0
11,2011-10-19,0000016104,,CAGLES,0,0,0
11,2017-06-18,0000018172,,CASTLE A M,0,0,0
7,2009-01-14,0000021438,,THINKENGINE NETWORKS,0,0,0
7,2012-08-07,0000022551,,TRI VALLEY,0,0,0
7,2013-05-01,0000025354,,CPI,0,0,0
11,2011-10-03,0000027613,,DECORATOR INDUS,0,0,0
11,2009-07-02,0000027960,,QSGI,0,0,0
11,2011-01-11,0000029806,,CONSTAR INTL,0,0,0
11,2015-11-05,0000029834,,ESCALERA RES,0,0,0
11,2014-10-13,0000030302,,ALCO STORES,0,0,0
11,2009-05-28,0000030419,,DEX ONE,0,0,0
11,2013-03-18,0000030419,,DEX ONE,0,0,0
11,2012-01-19,0000031235,KODK,EASTMAN KODAK,0,0,2
11,2012-02-14,0000032878,,ENERGY CONVERSION DEVICES,0,0,0
11,2018-03-19,0000034115,,CLAIRES STORES,0,0,0
11,2015-07-15,0000038079,,SABINE OIL,0,0,0
11,2010-03-01,0000038570,,ORLEANS HOMEBUILDERS,0,0,0
11,2017-11-17,0000038984,,ELAH HLDG,0,0,0
11,2011-10-05,0000039135,,FRIENDLY ICE CREAM,0,0,0
11,2009-06-18,0000039547,,MIG,0,0,0
11,2009-06-01,0000040730,,MOTORS LIQUIDATION,0,0,0
11,2010-12-12,0000043300,,GREAT ATLANTIC & PACIFIC TEA,0,0,0
11,2015-01-20,0000049534,,LIFE PTRS HLDG,0,0,0
11,2015-05-19,0000049534,,LIFE PTRS HLDG,0,0,0
11,2013-09-09,0000050957,,FBI WIND DOWN,0,0,0
7,2011-05-11,0000051103,,INTL ALUMINUM,0,0,0
11,2010-06-15,0000051939,,CORUS BANKS,0,0,0
7,2009-09-18,0000052617,,IRWIN FIN,0,0,0
7,2009-03-31,0000053453,,DIAMOND RANCH FOODS,0,0,0
11,2017-05-14,0000054681,,KII LIQUIDATING,0,0,0
11,2012-08-04,0000057055,,K-V PHARMA,0,0,0
11,2011-12-12,0000058361,LEE,LEE ENTERPRISES,0,0,0
11,2011-04-06,0000058592,,4LICENSING,0,0,0
7,2009-03-09,0000059401,,LIFE SCIENCES,0,0,0
11,2010-11-15,0000060064,,LOEHMANNS,0,0,0
11,2009-03-22,0000064247,,MORTON INDUSTRIAL,0,0,0
11,2009-10-21,0000072423,,NORTEK HLDG,0,0,0
15,2009-01-14,0000072911,,NORTEL NETWORKS,0,0,0
11,2017-05-22,0000073605,,OAKRIDGE HLDG,0,0,0
11,2012-11-14,0000075208,OSG,OVERSEAS SHIPHOLDING,0,0,2
11,2016-05-12,0000077159,PVAC,PENN VIRGINIA,6,0,2
11,2010-08-17,0000084919,,RCLC,0,0,0
11,2009-08-25,0000092339,,COLONIAL BANC,0,0,0
7,2010-06-07,0000092339,,COLONIAL BANC,0,0,0
11,2015-03-12,0000093456,,STANDARD REGISTER,0,0,0
11,2009-01-26,0000094610,,SMURFIT-STONE CONTAINER,0,0,0
11,2015-02-05,0000096289,,RS LEGACY,0,0,0
11,2009-11-08,0000096638,,ADVANTA,0,0,0
11,2011-06-27,0000097052,,TELTRONICS,0,0,0
11,2017-05-17,0000098222,TDW,TIDEWATER,6,0,2
11,2009-07-27,0000105183,,WEB PRESS,0,0,0
11,2009-02-12,0000106423,,WESTLAND DEVELOPMENT,0,0,0
11,2018-10-09,0000106455,,WESTMORELAND COAL,0,0,0
11,2009-02-12,0000202890,,ALERIS INTL,0,0,0
11,2012-02-20,0000216039,,GRUBB & ELLIS,0,0,0
11,2011-12-16,0000276750,,AMBER RES CO OF COLORADO,0,0,0
11,2016-07-31,0000278041,,INTL SHIPHOLDING,0,0,0
11,2009-10-28,0000310316,,CANARGO ENERGY,0,0,0
11,2013-08-19,0000312065,,FL GAMING,0,0,0
11,2009-05-17,0000313395,,TXCO RES,0,0,0
11,2009-03-10,0000314132,,FLEETWOOD ENTERPRISES,0,0,0
11,2013-03-10,0000314606,,GEOKINETICS,0,0,0
11,2018-01-15,0000316300,,EXCO RES,0,0,0
11,2011-04-10,0000317477,,COMPOSITE TECH,0,0,0
7,2010-04-16,0000318259,,MDI,0,0,0
11,2016-10-24,0000318996,KEG,KEY ENERGY SERVICES,0,0,2
11,2015-12-11,0000319156,,HILLTOP ENERGY,0,0,0
11,2016-05-23,0000320174,,BSD MED,0,0,0
11,2013-05-09,0000350524,,"SOMERSET INTL GROUP,INC",0,0,0
11,2012-02-12,0000351717,,CPAC,0,0,0
11,2015-12-31,0000351817,SBOW,SILVERBOW RES,0,0,2
11,2009-04-01,0000352079,,TVI,0,0,0
7,2013-07-02,0000352747,,UNIGENE LABS,0,0,0
7,2011-03-15,0000354699,,ADVANCE NANOTECH,0,0,0
7,2012-03-16,0000356591,,NEUROLOGIX,0,0,0
11,2012-06-19,0000356708,,FIRST REGIONAL BANC,0,0,0
11,2009-07-13,0000356830,,OSCIENT PHARMA,0,0,0
11,2009-06-15,0000357097,FCSC,FIBROCELL SCIENCE,0,0,0
11,2014-09-23,0000357108,,ISC8,0,0,0
11,2009-06-13,0000701374,SIX,SIX FLAGS ENTMNT,4,0,1
11,2013-03-06,0000704384,,BIOVEST INTL,0,0,0
7,2009-01-05,0000713492,,CHAD THERAPEUTICS,0,0,0
11,2010-08-19,0000714756,,AMCORE FIN,0,0,0
7,2011-06-26,0000715779,,DEB SHOPS,0,0,0
7,2010-10-07,0000716214,,TEKNOWLEDGE,0,0,0
11,2009-03-10,0000716823,,MI 2009,0,0,0
11,2009-10-21,0000717751,,INTL ELECTRONICS,0,0,0
7,2009-04-02,0000718007,,DELSITE,0,0,0
7,2009-03-12,0000719662,,SONA MOBILE HLDG,0,0,0
7,2009-05-12,0000722051,,NCT,0,0,0
11,2013-10-14,0000722104,,SAVIENT PHARMA,0,0,0
11,2009-01-23,0000723371,,HARTMARX,0,0,0
11,2009-02-09,0000723924,,S&K FAMOUS BRANDS,0,0,0
11,2011-11-02,0000724742,TPHS,TRINITY PLACE HLDG,0,0,2
11,2010-10-28,0000726990,,AMERICANWEST BANC,0,0,0
11,2009-01-26,0000727742,,JSCE,0,0,0
7,2015-09-30,0000728249,INPHQ,INTERPHASE,0,0,0
7,2009-02-17,0000729330,,4-D NEUROIMAGING,0,0,0
11,2012-08-29,0000731859,,AMPAL-AMERICAN ISRAEL,0,0,0
7,2010-12-16,0000737243,,VALENTEC SYS,0,0,0
11,2009-03-27,0000737762,,ENSTAR INCOME PROGRAM 1984-1,0,0,0
11,2018-03-14,0000739708,,IHEARTCOMMUNICATIONS,0,0,0
11,2014-06-18,0000739878,,KID BRANDS,0,0,0
11,2018-08-27,0000741815,,HOOPER HOLMES,0,0,0
11,2009-04-16,0000743368,,BOWATER,0,0,0
11,2011-08-26,0000744962,,NXXI,0,0,0
11,2009-05-01,0000750199,,EPL OIL,0,0,0
11,2012-01-18,0000750274,,BUFFETS,0,0,0
11,2010-07-28,0000750339,,AMER SAFETY RAZOR,0,0,0
11,2011-04-21,0000752208,,DYNATEC INTL,0,0,0
11,2015-12-02,0000753048,,AXION INTL HLDG,0,0,0
7,2018-05-08,0000753772,,MEDIZONE INTL,0,0,0
11,2009-03-22,0000753899,,SANDS REGENT,0,0,0
11,2017-02-10,0000758743,,VIDEO DISPLAY,0,0,0
11,2009-05-30,0000759153,,PARTICLE DRILLING TECH,0,0,0
7,2011-07-30,0000764241,,INTEGRA BANK,0,0,0
11,2009-08-24,0000764858,,FOUNTAIN POWERBOAT INDUS,0,0,0
11,2013-01-11,0000764897,,MEDAMERICA PROP,0,0,0
11,2012-07-05,0000766004,,SBARRO,0,0,0
11,2009-02-08,0000770471,,TITAN GLOBAL HLDG,0,0,0
7,2011-02-15,0000771729,,ALABAMA AIRCRAFT INDUS,0,0,0
11,2009-03-18,0000774492,,COMMUNITY DISTRIBUTORS,0,0,0
7,2016-09-27,0000776008,,ROCK CREEK PHARMA,0,0,0
11,2011-09-23,0000777516,,HEALTHSPORT,0,0,0
11,2009-05-17,0000778164,PEIX,PACIFIC ETHANOL,0,0,0
11,2016-05-11,0000778438,,BERRY PETROLEUM COMPANY,0,0,0
7,2009-02-24,0000783738,,GLOBAL MAINTECH,0,0,0
11,2015-10-01,0000785968,,MILLER ENERGY RES,0,0,0
11,2009-06-01,0000786765,,BUTLER INTL,0,0,0
11,2009-01-14,0000790414,,GOTTSCHALKS,0,0,0
11,2009-05-11,0000796369,,EATERIES,0,0,0
11,2016-06-14,0000796764,,PREMIER EXHIBITIONS,0,0,0
11,2014-12-05,0000804154,,LITHIUM TECH,0,0,0
7,2010-07-29,0000805012,,ENVIRONMENTAL POWER,0,0,0
7,2009-10-16,0000805020,,UNI MARTS,0,0,0
11,2015-09-09,0000805305,,QUIKSILVER,0,0,0
11,2009-07-02,0000806514,,ADVANCED MATERIALS,0,0,0
11,2010-07-18,0000806817,,JENNIFER CONVERTIBLES,0,0,0
11,2012-12-21,0000810208,,AURASOUND,0,0,0
11,2010-01-05,0000810332,,MESA AIR,0,0,2
11,2010-01-06,0000810536,,FIRSTFED FIN,0,0,0
11,2016-02-02,0000812906,,HANCOCK FABRICS,0,0,0
11,2013-06-10,0000813781,,EXIDE TECH,0,0,0
11,2009-11-15,0000814068,,CHAMPION ENTERPRISES,0,0,0
11,2009-07-16,0000815508,,BIOPURE,0,0,0
11,2009-10-08,0000817979,,ACCURIDE,0,0,0
11,2010-07-16,0000818008,,LILLIAN VERNON,0,0,0
11,2009-03-02,0000819551,,ILX RESORTS,0,0,0
11,2012-01-05,0000819975,,"CHASE BANK USA, NATL ASSOCIATION",0,0,0
11,2010-11-01,0000821407,,WOLVERINE TUBE,0,0,0
11,2011-12-16,0000821483,PARR,PAR PACIFIC HLDG,6,0,2
11,2011-05-16,0000821536,,HUSA LIQUIDATING,0,0,0
11,2010-02-25,0000822665,,CATALINA LIGHTING,0,0,0
11,2009-05-31,0000825692,,CARAUSTAR INDUS,0,0,0
11,2014-11-03,0000826773,,UNITEK GLOBAL SERVICES,0,0,0
11,2013-09-23,0000830741,,VHGI HLDG,0,0,0
11,2012-06-04,0000831246,,FRANKLIN CREDIT HLDG,0,0,0
7,2011-10-07,0000833203,,WYNDSTORM,0,0,0
11,2015-07-15,0000837173,,WALTER ENERGY,0,0,0
7,2011-05-01,0000837342,,CORDIA,0,0,0
11,2012-12-17,0000839441,,IMAGENETIX,0,0,0
11,2009-10-27,0000840216,,CALIFORNIA COASTAL COMMUNITIES,0,0,0
11,2009-07-21,0000840256,,VINEYARD NATL BANC,0,0,0
11,2012-08-09,0000840264,,CAPITOL BANC,0,0,0
11,2015-03-11,0000840889,,DORAL FIN,0,0,0
11,2010-12-28,0000841123,,WORLD WIDE STONE,0,0,0
11,2009-07-07,0000842162,LEA,LEAR,0,0,1
11,2009-01-06,0000842635,,LYONDELL CHEM,0,0,0
11,2010-11-15,0000843081,,LOEHMANNS HLDG,0,0,0
11,2015-08-28,0000844985,,POSITRON,0,0,0
11,2009-02-11,0000847555,,IDENTIPHI,0,0,0
11,2009-02-18,0000850476,,REXHALL INDUS,0,0,0
11,2015-08-26,0000851726,,SANTA FE GOLD,0,0,0
11,2013-08-05,0000852570,,GLOBAL AXCESS,0,0,0
7,2013-03-01,0000852766,,YTB INTL,0,0,0
11,2012-03-25,0000853695,,DRI,0,0,0
11,2010-11-17,0000853927,,AMER MEDIA OPERATIONS,0,0,0
11,2009-01-30,0000854171,,GLOBAL AIRCRAFT SOLUTIONS,0,0,0
11,2009-04-19,0000854709,,DAYTON SUPERIOR,0,0,0
11,2009-11-24,0000855372,,ECO2 PLASTICS,0,0,0
11,2010-02-03,0000855667,,NEENAH ENTERPRISES,0,0,0
7,2011-05-20,0000858155,,PROTEIN POLYMER TECH,0,0,0
11,2015-01-15,0000858395,,CAESARS ENTMNT OPERATING COMPANY,0,0,0
11,2009-08-24,0000858558,,READERS DIGEST ASSOCIATION,0,0,0
11,2012-01-04,0000859475,,TRIDENT MICROSYSTEMS,0,0,0
11,2009-09-15,0000861955,,CIB MARINE BANC,0,0,0
11,2015-01-15,0000863456,,SEAL123,0,0,0
11,2012-12-19,0000865570,,THQ,0,0,0
7,2009-01-10,0000866535,,RETAIL PRO,0,0,0
7,2010-04-10,0000866734,,BSML,0,0,0
11,2013-02-01,0000867687,,AMERICA WEST RES,0,0,0
11,2009-03-31,0000868512,,SUN-TIMES MEDIA,0,0,0
11,2017-12-19,0000868725,,RENTECH,0,0,0
11,2009-01-12,0000869295,,KERR MCGEE ROCKY MOUNTAIN,0,0,0
7,2014-03-11,0000869487,,TANDY BRANDS ACCESSORIES,0,0,0
7,2011-01-28,0000870228,,SYNERGY BRANDS,0,0,0
7,2013-04-26,0000870398,,SBM CERTIFICATE,0,0,0
11,2010-11-08,0000874501,AMBC,AMBAC FIN,6,0,2
11,2016-04-07,0000874841,,PACIFIC SUNWEAR OF CALIFORNIA,0,0,0
11,2010-04-28,0000875762,,STARTECH ENVIRONMENTAL,0,0,0
11,2018-02-04,0000878079,,BON TON STORES,0,0,0
11,2009-08-05,0000878731,,FINLAY ENTERPRISES,0,0,0
11,2010-04-26,0000878774,,AMER MORTGAGE ACCEPTANCE,0,0,0
11,2017-06-29,0000878802,,QUADRANT 4 SYSTEM,0,0,0
11,2010-01-27,0000878808,,FIRSTGOLD,0,0,0
11,2017-08-26,0000880460,,PERFUMANIA HLDG,0,0,0
7,2012-08-03,0000880643,,GENTA INC DE,0,0,0
11,2012-02-01,0000881905,,UNITED RETAIL,0,0,0
11,2010-03-08,0000883670,,LONE STAR STEAKHOUSE & SALOON,0,0,0
11,2011-04-08,0000883697,,REGEN BIOLOGICS,0,0,0
11,2009-08-24,0000884403,,WEEKLY READER,0,0,0
11,2013-08-12,0000885322,,ANCHOR BANCORP WISCONSIN,0,0,0
11,2012-07-12,0000885551,,VALENCE TECH,0,0,0
7,2017-07-06,0000886328,,E DIGITAL,0,0,0
11,2016-11-23,0000887150,,HAMPSHIRE,0,0,0
11,2009-07-14,0000888693,,ISCO INTL,0,0,0
7,2012-10-17,0000889423,,SATCON TECH,0,0,0
11,2009-03-19,0000891504,,TAPESTRY PHARMA,0,0,0
7,2009-01-15,0000891533,,ARG ENTERPRISES,0,0,0
7,2009-01-15,0000891537,,ARG PROPERTY MANAGEMENT,0,0,0
11,2009-05-01,0000892535,,TMST,0,0,0
11,2016-06-02,0000892986,,WARREN RES,0,0,0
11,2009-05-22,0000894490,,BANKUNITED FIN,0,0,0
11,2012-01-26,0000895642,,ENER1,0,0,0
11,2009-04-16,0000895648,,"GGP, INC. (FKA GENERAL GROWTH PROP INC. & PR",0,0,0
11,2013-06-17,0000896842,,OSH 1 LIQUIDATING,0,0,0
7,2011-04-27,0000897861,,FIRST STATE BANC,0,0,0
11,2009-07-28,0000898660,,STATION CASINOS,0,0,0
11,2009-08-05,0000898684,,FINLAY FINE JEWELRY,0,0,0
11,2010-04-14,0000899166,,POINT BLANK SOLUTIONS,0,0,0
11,2010-07-12,0000899647,,RIVIERA HLDG,0,0,0
7,2012-03-26,0000900017,,THOMAS,0,0,0
11,2009-07-09,0000902281,,ELECTROGLAS,0,0,0
11,2016-12-14,0000904080,TALO,TALOS PETRO,0,0,2
11,2016-06-17,0000904851,YPF,YPF SOCIEDAD ANONIMA,0,0,0
11,2009-04-21,0000907127,,MEDCOM USA,0,0,0
11,2009-04-20,0000909326,,ASYST TECH,0,0,0
7,2009-05-13,0000910057,,EPOCH BIOS,0,0,0
7,2009-03-05,0000910619,,MNC,0,0,0
11,2013-01-27,0000911002,,LODGENET INTERACTIVE,0,0,0
7,2009-08-18,0000911149,,MCT,0,0,0
11,2010-08-05,0000911151,,EMAK WORLDWIDE,0,0,0
11,2013-06-03,0000911631,,TRIAD GUARANTY,0,0,0
7,2009-03-16,0000912241,,PROGRESSIVE GAMING INTL,0,0,0
7,2012-01-23,0000912365,,EVERGREEN ENERGY,0,0,0
11,2009-02-18,0000912908,,FOAMEX INTL,0,0,0
11,2010-03-01,0000913015,*,TOWNSQUARE MEDIA,0,0,0
11,2010-10-19,0000913665,,TERRESTAR,0,0,0
11,2017-04-09,0000918581,,CMTSU LIQUIDATION,0,0,0
11,2010-01-22,0000918944,,MEDIANEWS,0,0,0
7,2016-02-01,0000919013,,WAVE SYS,0,0,0
11,2009-01-26,0000919226,,SMURFIT STONE CONTAINER,0,0,0
11,2010-03-04,0000920317,,U.S. DRY CLEANING SERVICES,0,0,0
11,2018-02-02,0000920321,,CENVEO,0,0,0
11,2009-06-01,0000920947,,NORTHFIELD LABS,0,0,0
7,2016-09-16,0000922475,,ITT EDUCATIONAL SERVICES,0,0,0
7,2010-04-14,0000922810,,GEERLINGS & WADE,0,0,0
11,2010-11-29,0000923473,,PALM HARBOR HOMES,0,0,0
7,2009-08-19,0000923529,,COOPERATIVE BANKS,0,0,0
11,2009-05-19,0000923877,,ION MEDIA NETWORKS,0,0,0
7,2009-07-31,0000925464,,SECURITY BANK,0,0,0
11,2009-03-30,0000926617,VRML,VERMILLION,0,0,0
11,2010-07-19,0000926866,,INNKEEPERS USA TRUST,0,0,0
7,2014-06-11,0000928375,,DUTCH GOLD RES,0,0,0
11,2010-12-03,0000928800,,KH FUNDING,0,0,0
11,2009-02-13,0000929144,,YOUNG BROADCASTING,0,0,0
11,2010-10-29,0000930817,,AVP,0,0,0
11,2012-12-17,0000930835,,EDISON MISSION ENERGY,0,0,0
11,2009-07-12,0000933157,,AURORA OIL,0,0,0
7,2012-08-07,0000934306,,CONVERSION SERVICES INTL,0,0,0
11,2009-10-21,0000934851,,SYSTEMONE TECH,0,0,0
11,2011-11-23,0000935724,,PMI,0,0,0
11,2011-02-16,0000940510,,BORDERS,0,0,0
11,2014-04-18,0000941020,,GENELINK,0,0,0
11,2009-02-17,0000943320,,TRUMP ENTMNT RESORTS,0,0,0
11,2009-02-17,0000943322,,TRUMP ENTMNT RESORTS HLDG,0,0,0
11,2009-02-17,0000943323,,TRUMP ENTMNT RESORTS FUNDING,0,0,0
11,2009-04-27,0000943605,,SOURCE INTERLINK COMPANIES,0,0,0
7,2012-03-21,0000943690,,CRC CRYSTAL RESEARCH,0,0,0
11,2016-04-15,0000943861,GDP,GOODRICH PETRO,0,0,2
11,2011-09-30,0000943894,,EZENIA,0,0,0
11,2012-10-10,0000944136,,TC GLOBAL,0,0,0
11,2009-12-17,0000944522,,VION PHARMA,0,0,0
11,2012-03-02,0000944725,,UNITED WESTERN BANC,0,0,0
7,2013-11-21,0000944739,,TRANSWITCH,0,0,0
11,2012-05-14,0000945212,,RESIDENTIAL FUNDING MORTGAGE SECURITIES II,0,0,0
11,2016-04-21,0000945436,,SUNEDISON,0,0,0
11,2014-02-10,0000946090,,CAPITAL TRUST HLDG,0,0,0
7,2011-04-01,0000946842,,AMBASSADORS INTL,0,0,0
11,2011-08-15,0000947397,,EVERGREEN SOLAR,0,0,0
11,2010-08-20,0000947425,,PROFESSIONAL VETERINARY PRODUCTS,0,0,0
11,2009-07-02,0000948844,,PROLIANCE INTL,0,0,0
7,2010-05-14,0000949228,,BEACH FIRST NATL BANC,0,0,0
11,2012-02-05,0000949240,,WORLD AIR HLDG,0,0,0
11,2012-05-14,0000949493,,RESIDENTIAL ACCREDIT LOANS,0,0,0
11,2009-03-11,0000949876,,NORTH AMERICAN SCIENTIFIC,0,0,0
11,2009-12-18,0001000234,,IMPERIAL CAPITAL BANC,0,0,0
11,2009-06-23,0001000368,,FIRSTPLUS FIN,0,0,0
11,2009-09-24,0001000779,,CD&L,0,0,0
11,2009-06-15,0001002579,,EXTENDED STAY AMERICA,0,0,0
11,2013-01-21,0001002607,,ATARI,0,0,0
11,2009-09-24,0001002902,,VELOCITY EXPRESS,0,0,0
11,2009-05-11,0001004740,,CAPITAL CORP OF THE WEST,0,0,0
11,2017-09-18,0001005414,,TOYS R US,0,0,0
11,2009-03-16,0001006837,HCHC,HC2 HLDG,0,0,2
11,2011-07-20,0001009479,,AMER TONERSERV,0,0,0
7,2013-02-14,0001009833,,GABRIEL TECH,0,0,0
11,2014-09-16,0001010086,SIGA,SIGA TECH,0,0,2
11,2012-07-17,0001010286,,FIBERTOWER,0,0,0
11,2009-12-21,0001010610,,TLC VISION,0,0,0
11,2009-01-12,0001011509,AUMN,GOLDEN MINERALS,0,0,0
7,2009-02-04,0001012141,,ON SITE SOURCING,0,0,0
7,2009-03-31,0001012316,,FIREPOND,0,0,0
11,2010-12-10,0001012697,,INSIGHT HEALTH SERVICES,0,0,0
11,2009-11-16,0001014022,,SIMMONS BEDDING,0,0,0
11,2013-05-30,0001014052,,DIGERATI TECH,0,0,0
11,2011-05-09,0001014653,,WAVETRUE,0,0,0
11,2013-10-31,0001014763,,AMARILLO BIOS,0,0,0
11,2015-11-03,0001015979,,BIO NITROGEN HLDG,0,0,0
11,2009-09-09,0001016900,,APPLIED NATURAL GAS FUELS,0,0,0
11,2010-05-14,0001016933,,R&G FIN,0,0,0
11,2014-04-11,0001018005,,COLDWATER CREEK,0,0,0
11,2009-01-07,0001018099,,MILLENNIUM CHEM,0,0,0
7,2013-01-31,0001020448,,IMPERIAL PETROLEUM RECOVERY,0,0,0
11,2017-04-14,0001020475,,GRANDPARENTS.COM,0,0,0
11,2009-09-30,0001021010,,EDGE PETRO,0,0,0
7,2016-07-06,0001021096,,TROIKA MEDIA,0,0,0
11,2009-02-12,0001022080,,MIDWAY GAMES,0,0,0
11,2016-04-26,0001022646,UPL,ULTRA PETRO,0,0,2
11,2012-06-15,0001022899,,"PROTAGENIC THERAPEUTICS, INC.NEW",0,0,0
11,2009-11-16,0001022974,,DGI RESOLUTION,0,0,0
11,2014-04-29,0001023291,,ENERGY FUTURE HLDG,0,0,0
7,2013-01-28,0001023362,,POWERWAVE TECH,0,0,0
11,2015-03-09,0001023734,,BPZ RES,0,0,0
11,2015-10-15,0001023994,SGBX,SG BLOCKS,0,0,0
11,2009-03-30,0001024109,,CRUSADER ENERGY,0,0,0
11,2012-04-15,0001024452,,SMF ENERGY LIQUIDATING TRUST,0,0,0
11,2009-02-04,0001025707,,INCENTRA SOLUTIONS,0,0,0
11,2016-07-20,0001025953,NOVC,NOVATION COMPANIES,0,0,0
7,2009-12-31,0001026304,,BUCKHEAD COMMUNITY BANC,0,0,0
11,2010-11-03,0001026816,,METRO-GOLDWYN-MAYER,0,0,0
11,2009-02-03,0001028985,,SPECTRUM BRANDS,0,0,0
11,2010-01-20,0001029336,,ATRIUM COMPANIES,0,0,0
7,2012-03-30,0001030058,,WORLDGATE COMM,0,0,0
7,2009-05-13,0001030339,,NGEN,0,0,0
11,2017-05-17,0001030749,GLF,GULFMARK OFFSHORE,0,0,2
11,2018-03-31,0001031296,FE,FIRSTENERGY,5,0,1
11,2013-09-16,0001031999,,EASTERN 1996D LIMITED PTRSHIP,0,0,0
7,2013-10-17,0001034257,,DSI TOYS,0,0,0
11,2009-04-15,0001034258,,NOBLE INTL,0,0,0
11,2013-12-15,0001035374,,FOX & HOUND RESTAURANT,0,0,0
11,2009-02-21,0001035815,,JOURNAL REGISTER,0,0,0
11,2014-09-15,0001037016,NIHD,NII HLDG,0,0,2
11,2016-01-11,0001037676,ARCH,ARCH COAL,0,0,2
11,2017-06-14,0001037962,CGG,CGG,0,0,0
11,2009-01-12,0001038217,,TARRAGON,0,0,0
11,2011-11-16,0001039184,,TRAILER BRIDGE,0,0,0
11,2013-06-14,0001039646,,ONCURE MED,0,0,0
11,2010-02-03,0001040599,,NEENAH FOUNDRY,0,0,0
11,2017-11-30,0001040719,DHCP,DITECH HLDG,0,0,0
11,2015-09-30,0001041548,,ATNA RES,0,0,0
11,2011-01-20,0001042418,,HEDGEPATH PHARMA,0,0,0
7,2009-01-30,0001042420,,AKESIS PHARMA,0,0,0
11,2013-09-16,0001042582,,EASTERN 1997D LIMITED PTRSHIP,0,0,0
11,2011-09-28,0001043156,,STAR BUFFET,0,0,0
11,2012-07-02,0001045014,,GAMETECH INTL,0,0,0
11,2009-06-16,0001046356,,BUILDING MATERIALS HLDG,0,0,0
11,2013-04-07,0001046880,,CENTRAL EUROPEAN DISTRIBUTION,0,0,0
11,2011-06-13,0001047040,,PERKINS & MARIE CALLENDER'S,0,0,0
11,2010-05-07,0001047153,,CERTIFIED DIABETIC SERVICES,0,0,0
11,2011-01-18,0001047499,,NEXPRISE,0,0,0
11,2014-07-28,0001047919,,AMBIENT,0,0,0
7,2009-04-07,0001048566,,FOG CUTTER CAPITAL,0,0,0
11,2009-10-01,0001048740,,MILLER EXPLORATION,0,0,0
11,2009-02-11,0001049618,,PLIANT FILM PRODUCTS OF MEXICO,0,0,0
11,2009-02-11,0001049620,,PLIANT CORP INTL,0,0,0
7,2010-03-15,0001050112,,ANTHRACITE CAPITAL,0,0,0
11,2009-07-06,0001050835,,MONTGOMERY REALTY,0,0,0
11,2010-02-24,0001051249,,BEAR ISLAND PAPER,0,0,0
11,2010-08-20,0001051379,,MIDWEST BANC HLDG,0,0,0
11,2011-07-01,0001053178,,SHERWOOD BRANDS,0,0,0
7,2013-01-11,0001054303,,DIRECT MARKETS HLDG,0,0,0
11,2013-01-28,0001055454,,SCHOOL SPECIALTY,0,0,0
11,2010-09-29,0001055564,,WORKFLOW MANAGEMENT,0,0,0
11,2011-06-27,0001056756,,NBC ACQUISITION,0,0,0
11,2011-06-27,0001056758,,NEBRASKA BOOK,0,0,0
11,2010-05-16,0001057725,*,NEFF,0,0,0
7,2009-06-26,0001057827,,VALLEY INDUS,0,0,0
7,2009-06-26,0001057831,,SPORTRACK,0,0,0
7,2009-06-26,0001057834,,AAS CAPITAL,0,0,0
7,2009-06-26,0001057836,,ADVANCED ACCESSORY SYS,0,0,0
11,2017-11-29,0001058623,CMLS,CUMULUS MEDIA,0,0,0
11,2013-11-20,0001058767,,BIOMODA,0,0,0
11,2010-07-27,0001059397,,KOLORFUSION INTL,0,0,0
11,2009-05-01,0001059677,,INDUSTRIAL ENTERPRISES OF AMERICA,0,0,0
11,2015-03-17,0001060990,,QUICKSILVER RES,0,0,0
7,2009-11-24,0001061580,,UCBH HLDG,0,0,0
7,2011-12-14,0001062312,,LINK PLUS,0,0,0
11,2010-02-10,0001062441,,PENTON MEDIA,0,0,0
11,2010-04-20,0001062565,,SPECIALTY TRUST,0,0,0
11,2009-10-26,0001062613,,FAIRPOINT COMM,0,0,0
11,2016-11-30,0001062781,,ULTRAPETROL BAHAMAS,0,0,0
7,2009-06-26,0001062829,,VALTEK,0,0,0
7,2009-08-10,0001063262,,MEGA MEDIA,0,0,0
11,2009-11-10,0001063537,RIBT,RICEBRAN TECH,0,0,0
7,2012-04-17,0001063997,,HARRINGTON WEST FIN,0,0,0
11,2009-03-27,0001064535,,TUMBLEWEED,0,0,0
11,2016-04-13,0001064728,BTU,PEABODY ENERGY,0,0,2
11,2014-03-05,0001065059,LEU,CENTRUS ENERGY,0,0,0
11,2009-06-28,0001065310,,DONNELLEY R H,0,0,0
11,2015-05-04,0001066134,,CORINTHIAN COLLEGES,0,0,0
7,2009-04-06,0001068660,,KNIGHT ENERGY,0,0,0
11,2011-12-12,0001068848,,PULITZER,0,0,0
11,2016-10-10,0001068874,,SECURE POINT TECH,0,0,0
7,2012-10-29,0001068912,,FIRST PLACE FIN,0,0,0
11,2013-02-28,0001069353,,CONEXANT SYS,0,0,0
7,2010-04-22,0001070510,,SARS,0,0,0
11,2010-04-29,0001073429,USCR,US CONCRETE,6,0,2
11,2010-03-17,0001073857,,CRDENTIA,0,0,0
11,2011-03-28,0001076462,,ALPHATRADE COM,0,0,0
11,2013-04-25,0001076700,,PIKSEL,0,0,0
11,2009-11-20,0001076930,NOVT,NOVANTA,0,0,2
11,2009-09-14,0001078203,,STAMFORD INDUSTRIAL,0,0,0
11,2009-10-08,0001078547,,TRUE TEMPER SPORTS,0,0,0
11,2013-09-16,0001080504,,EASTERN 1998D LIMITED PTRSHIP,0,0,0
7,2015-08-28,0001081074,,ARMADA OIL,0,0,0
11,2009-04-05,0001082484,,TEAM FIN,0,0,0
11,2009-03-27,0001082699,,CC V HOLDINGS FINANCE,0,0,0
7,2010-09-28,0001083036,,ELECTRONIC GAME CARD,0,0,0
11,2009-02-03,0001083200,,UNITED INDUS,0,0,0
7,2010-02-02,0001083661,,SOURCE DIRECT HLDG,0,0,0
7,2010-07-22,0001084727,,NEXITY FIN,0,0,0
7,2009-02-20,0001085129,,ZEALOUS,0,0,0
11,2015-09-18,0001085254,,HII TECH,0,0,0
11,2009-02-10,0001085319,,MUZAK HOLDINGS FINANCE,0,0,0
11,2009-02-10,0001085320,,MUZAK HLDG,0,0,0
11,2009-02-10,0001085321,,MUZAK,0,0,0
11,2009-03-27,0001085475,,CHARTER COMMUNICATIONS HOLDINGS CAPITAL,0,0,0
11,2009-03-27,0001085476,,CHARTER COMMUNICATIONS HLDG,0,0,0
11,2010-09-23,0001085734,,BLOCKBUSTER,0,0,0
11,2016-02-23,0001086303,,HEYU BIOLOGICAL TECH,0,0,0
11,2009-11-04,0001086385,,PANOLAM INDUSTRIES INTL,0,0,0
11,2012-01-13,0001086411,,JOHN D. OIL,0,0,0
7,2017-03-30,0001088162,,MAD CATZ INTERACTIVE,0,0,0
7,2017-12-07,0001088787,,CD INTL ENTERPRISES,0,0,0
11,2016-01-26,0001091596,,NUO THERAPEUTICS,0,0,0
11,2009-07-13,0001091601,,JL FRENCH AUTOMOTIVE CASTING,0,0,0
11,2009-03-27,0001091667,CHTR,CHARTER COMM,5,1,1
11,2009-03-18,0001091862,,LANXESS SOLUTIONS US,0,0,0
11,2010-08-08,0001091862,,LANXESS SOLUTIONS US,0,0,0
11,2011-01-24,0001092302,,JAVO BEVERAGE,0,0,0
11,2015-03-08,0001092839,,DUNE ENERGY,0,0,0
11,2017-08-13,0001093207,,CROSSROADS SYS,0,0,0
11,2009-03-05,0001093273,,MAGNA ENTMNT,0,0,0
11,2013-09-16,0001093942,,CO & PA 1999D LIMITED PTRSHIP,0,0,0
11,2011-01-21,0001094572,,DIGITAL SYS,0,0,0
7,2010-12-31,0001095274,,FIRST NATL BANC,0,0,0
11,2009-12-16,0001095751,,SKYE INTL,0,0,0
7,2018-07-27,0001096132,,PETRONE WORLDWIDE,0,0,0
11,2009-03-31,0001096339,,SARATOGA RES,0,0,0
11,2015-06-18,0001096339,,SARATOGA RES,0,0,0
15,2011-01-30,0001096481,,ANGIOTECH PHARMA,0,0,0
11,2009-09-28,0001096536,,HOLLEY PERFORMANCE PRODUCTS,0,0,0
7,2011-09-16,0001096560,,SULPHCO,0,0,0
7,2009-03-25,0001097081,,1ST CENTENNIAL BANC,0,0,0
7,2012-08-02,0001097575,,ACUNETX,0,0,0
7,2011-12-27,0001098016,,GENIUS PRODUCTS,0,0,0
11,2011-03-23,0001098315,,GEOPHARMA,0,0,0
7,2009-12-07,0001100091,,ALDEROX,0,0,0
11,2014-09-06,0001100202,,LENCO MOBILE,0,0,0
11,2015-03-05,0001100592,,ASSURED PHARMACY,0,0,0
7,2010-12-28,0001100674,,MILLENIUM HLDG,0,0,0
7,2009-06-02,0001100954,,VOIP,0,0,0
7,2010-04-07,0001101137,,KORE HLDG,0,0,0
11,2009-06-19,0001101661,,SONORAN ENERGY,0,0,0
11,2009-02-03,0001102119,,SPECTRUM BRANDS,0,0,0
11,2009-08-24,0001102329,,WRC MEDIA,0,0,0
11,2011-04-29,0001103078,,RASER TECH,0,0,0
11,2011-10-30,0001103345,,BEACON POWER,0,0,0
7,2011-03-10,0001103993,,LAS VEGAS GAMING,0,0,0
11,2012-08-22,0001104358,,BROADVIEW NETWORKS HLDG,0,0,0
11,2011-11-07,0001105055,,DYNEGY HLDG,0,0,0
11,2014-11-10,0001107332,,DENDREON,0,0,0
7,2009-07-01,0001108088,,WIFIMED HOLDINGS COMPANY,0,0,0
11,2011-09-24,0001108730,,PUBLIC MEDIA WORKS,0,0,0
7,2009-05-05,0001108955,,SOYO,0,0,0
7,2016-01-15,0001109153,,TRISTAR WELLNESS SOLUTIONS,0,0,0
11,2016-10-25,0001109189,BAS,BASIC ENERGY SERVICES,0,0,2
7,2012-03-12,0001109329,,HESPERIA HLDG,0,0,0
11,2009-05-28,0001111335,VC,VISTEON,4,0,1
7,2010-06-10,0001111845,,ONECAP,0,0,0
11,2014-10-10,0001112412,,ENDEAVOUR INTL,0,0,0
11,2009-02-18,0001113247,,BEARINGPOINT,0,0,0
11,2009-06-12,0001113806,,"MAGNACHIP SEMICONDUCTOR, INC. (CALIFORNIA)",0,0,0
7,2012-02-27,0001114605,,AMER SCIENTIFIC RES,0,0,0
7,2014-12-23,0001116112,,US FUEL,0,0,0
7,2013-08-02,0001116262,,X10 WIRELESS TECH,0,0,0
11,2017-01-19,0001116521,,AVAYA,0,0,0
7,2010-07-23,0001116694,,CAPITAL GROWTH SYS,0,0,0
11,2009-07-21,0001117458,,O2DIESEL,0,0,0
11,2009-02-11,0001117922,,PLIANT PACKAGING OF CANADA,0,0,0
15,2009-01-14,0001119664,,NORTEL NETWORKS,0,0,0
11,2013-07-15,0001120817,,INTRAOP MED,0,0,0
11,2013-02-08,0001120830,,CHINA NATURAL GAS,0,0,0
11,2016-07-27,0001121745,,ATLAS AMERICA PUBLIC #9,0,0,0
11,2014-01-07,0001121783,,AMER SPECTRUM REALTY,0,0,0
7,2009-03-03,0001121785,,SLS INTL,0,0,0
11,2011-03-18,0001122101,,EPIC ENERGY RES,0,0,0
7,2010-09-09,0001122887,,JAVA DETOUR,0,0,0
7,2011-02-01,0001123195,,MARMION INDUS,0,0,0
7,2010-06-18,0001123448,,SMART SMS,0,0,0
11,2013-01-11,0001123541,,PENSON WORLDWIDE,0,0,0
11,2012-08-17,0001123647,,ATP OIL,0,0,0
7,2015-11-10,0001124024,,FAR EAST ENERGY,0,0,0
11,2010-01-11,0001124289,,HAIGHTS CROSS COMM,0,0,0
11,2015-08-09,0001124608,,RESPONSE GENETICS,0,0,0
7,2010-04-23,0001125532,,VERTICAL BRANDING,0,0,0
11,2017-06-14,0001126294,,GENON ENERGY,0,0,0
11,2011-11-17,0001127269,,GENERAL MARITIME SUBSIDIARY,0,0,0
11,2013-04-01,0001127342,,GMX RES,0,0,0
11,2013-09-16,0001127358,,COLORADO 2000B LIMITED PTRSHIP,0,0,0
11,2013-09-16,0001127360,,COLORADO 2000C LIMITED PTRSHIP,0,0,0
11,2013-09-16,0001127362,,COLORADO 2000D LIMITED PTRSHIP,0,0,0
11,2010-02-11,0001129695,,BIOAUTHORIZE HLDG,0,0,0
11,2009-11-08,0001131072,,TETON ENERGY,0,0,0
7,2010-01-15,0001131517,,ANESIVA,0,0,0
11,2016-05-08,0001132143,,LEGEND INTL HLDG,0,0,0
11,2009-03-20,0001132645,,TRANSMERIDIAN EXPLORATION,0,0,0
11,2009-02-11,0001133494,,FOOTHILLS RES,0,0,0
11,2009-03-05,0001133754,,TELEPLUS WORLD,0,0,0
11,2012-12-17,0001134016,,MIDWEST GENERATION,0,0,0
11,2016-12-19,0001135361,,ILLINOIS POWER GENERATING,0,0,0
7,2016-07-25,0001135906,,EPIRUS BIOPHARMACEUTICALS,0,0,0
11,2015-01-20,0001137204,,EPM LIVE,0,0,0
7,2011-12-07,0001137239,,AMERICAS ENERGY CO - AECO,0,0,0
11,2009-03-30,0001137469,,NOVA BIOSOURCE FUELS,0,0,0
11,2009-02-13,0001138659,,NEPTUNE INDUS,0,0,0
11,2009-01-09,0001138862,,ARBIOS SYS,0,0,0
7,2010-01-15,0001139029,,ALGORX PHARMA,0,0,0
7,2009-07-14,0001140472,,ALLIANCE BANCSHARES CALIFORNIA,0,0,0
7,2010-03-05,0001140586,,NEW FRONTIER ENERGY,0,0,0
11,2017-06-14,0001140761,,GENON AMERICAS GENERATION,0,0,0
7,2009-02-17,0001141395,,NEXHORIZON COMM,0,0,0
7,2010-05-28,0001143566,,EVERGREENBANCORP,0,0,0
11,2011-10-30,0001144834,,CIL&D,0,0,0
11,2016-11-01,0001144906,,CATALYST PAPER,0,0,0
11,2009-11-25,0001145061,,GLOBAL ENERGY HLDG,0,0,0
11,2009-02-06,0001145202,,MRU HLDG,0,0,0
11,2010-12-10,0001145238,,INSIGHT HEALTH SERVICES HLDG,0,0,0
11,2009-02-11,0001145330,,TUREX,0,0,0
11,2009-02-11,0001145331,,PIERSON INDUS,0,0,0
11,2009-02-11,0001145332,,UNIPLAST US,0,0,0
11,2009-02-11,0001145334,,UNIPLAST MIDWEST,0,0,0
11,2013-09-16,0001156216,,COLORADO 2001D LIMITED PTRSHIP,0,0,0
11,2013-09-16,0001156218,,COLORADO 2001B LIMITED PTRSHIP,0,0,0
11,2013-09-16,0001156220,,COLORADO 2001C LIMITED PTRSHIP,0,0,0
11,2013-09-16,0001156221,,COLORADO 2001A LIMITED PTRSHIP,0,0,0
11,2010-08-16,0001157443,,NCOAT,0,0,0
11,2016-07-27,0001157516,,ATLAS AMERICA PUBLIC #10,0,0,0
11,2016-02-25,0001159154,,REPUBLIC AIRWAYS HLDG,0,0,0
11,2011-06-16,0001160084,,LOCATEPLUS HLDG,0,0,0
11,2011-08-19,0001160165,,SHENGDATECH,0,0,0
11,2009-03-22,0001160294,,HERBST GAMING,0,0,0
15,2016-06-21,0001160846,OIBR.C,OI S.A. - IN JUDICIAL REORGANIZATION,0,0,0
15,2016-03-28,0001161785,,ABENGOA,0,0,0
11,2010-04-30,0001161924,,MIDDLEBROOK PHARMA,0,0,0
11,2014-03-13,0001163332,,VERTICAL HEALTH SOLUTIONS,0,0,0
11,2010-07-02,0001163958,,MEDICAL STAFFING NETWORK HLDG,0,0,0
11,2010-12-10,0001164086,,INSIGHT HEALTH,0,0,0
7,2011-07-27,0001165921,,LAW ENFORCEMENT ASSOCIATES,0,0,0
11,2012-04-01,0001166291,,PINNACLE AIRLINES,0,0,0
11,2017-10-01,0001166365,,PAPERWEIGHT DEVELOPMENT,0,0,0
11,2016-03-22,0001166380,,QUANTUM FUEL SYSTEMS TECHNOLOGIES WORLDWIDE,0,0,0
11,2012-10-16,0001167178,,B456 SYS,0,0,0
7,2009-01-23,0001167880,,PANDA ETHANOL,0,0,0
11,2016-05-04,0001168213,,ARO LIQUIDATION,0,0,0
11,2009-12-21,0001169277,,NEXTMEDIA OPERATING,0,0,0
7,2010-06-24,0001170605,,TIERONE,0,0,0
11,2017-08-30,0001171012,,UNI-PIXEL,0,0,0
11,2016-09-28,0001171014,,COSI,0,0,0
7,2009-09-01,0001171017,,SOUTHERN COMMUNITY BANC,0,0,0
7,2012-10-03,0001171032,,BAKERS FOOTWEAR,0,0,0
11,2009-06-19,0001171749,,TXP,0,0,0
11,2009-11-01,0001171825,CIT,CIT,0,0,1
7,2009-11-06,0001172678,,TEMECULA VALLEY BANC,0,0,0
7,2013-05-15,0001173313,,AMER BRIVISION (HOLDING),0,0,0
11,2012-02-10,0001173738,,CDEX,0,0,0
11,2009-12-20,0001174527,,CITADEL BROADCASTING,0,0,0
11,2016-07-27,0001175028,,ATLAS AMERICA PUBLIC #11-2002,0,0,0
11,2013-04-08,0001175108,,ROTECH HC,0,0,0
11,2009-07-24,0001176193,,APPLIED SOLAR,0,0,0
11,2013-05-03,0001176325,,SKINNY NUTRITIONAL,0,0,0
7,2009-08-07,0001177292,,MERIDIAN AUTOMOTIVE SYS,0,0,0
11,2017-12-11,0001178104,,DEX LIQUIDATING,0,0,0
7,2013-07-02,0001178336,,HOKU,0,0,0
11,2011-01-11,0001178541,,CONSTAR PLASTICS,0,0,0
11,2011-01-11,0001178543,,CONSTAR FOREIGN HLDG,0,0,0
11,2011-12-19,0001180186,,WILLIAM LYON HOMES,0,0,0
7,2010-06-02,0001180743,,CERAGENIX PHARMA,0,0,0
7,2010-07-09,0001201251,,SPONGETECH DELIVERY SYS,0,0,0
11,2009-05-13,0001202963,,ENERGYTEC,0,0,0
7,2012-10-26,0001203957,,BIONOVO,0,0,0
11,2012-09-13,0001205181,,IMAGING3,0,0,0
7,2009-02-19,0001208833,,GROWERS DIRECT COFFEE COMPANY,0,0,0
11,2010-07-12,0001211805,MYSZ,MY SIZE,0,0,0
7,2010-09-09,0001215942,,WINMARK ENTERPRISES,0,0,0
11,2009-10-21,0001216596,,NORTEK,0,0,0
11,2010-09-16,0001219097,,ENABLE HLDG,0,0,0
11,2013-09-16,0001224923,,COLORADO 2002A LIMITED PTRSHIP,0,0,0
11,2014-11-12,0001230355,,BAXANO SURGICAL,0,0,0
7,2010-03-11,0001232400,,VASO ACTIVE PHARMA,0,0,0
11,2009-05-11,0001237941,,HAYES LEMMERZ INTL,0,0,0
11,2016-07-27,0001238289,,ATLAS AMERICA PUBLIC #12-2003 LIMITED PTRSHIP,0,0,0
11,2009-07-17,0001239819,LUNA,LUNA INNOVATIONS,0,0,0
11,2009-12-02,0001240722,,SOLOMON TECH,0,0,0
7,2009-06-26,0001244041,,CHAAS ACQUISITIONS,0,0,0
7,2009-06-26,0001244087,,AAS ACQUISITIONS,0,0,0
11,2012-03-07,0001253710,,CANO PETRO,0,0,0
11,2014-05-13,0001255107,,REFCO PUBLIC COMMODITY POOL,0,0,0
11,2009-05-11,0001256582,,HLI PARENT,0,0,0
11,2015-06-23,0001259550,,LOCAL,0,0,0
11,2013-07-29,0001262751,,GRYPHON GOLD,0,0,0
11,2009-03-27,0001266604,,CCH II,0,0,0
11,2009-03-27,0001266605,,CCH II CAPITAL,0,0,0
11,2012-04-12,0001268984,,REDDY ICE HLDG,0,0,0
7,2009-06-28,0001269022,,ATOMIC PAINTBALL,0,0,0
11,2009-01-09,0001270597,,MERISANT,0,0,0
11,2009-03-27,0001271833,,CCO HLDG,0,0,0
11,2009-03-27,0001271834,,CCO HOLDINGS CAPITAL,0,0,0
11,2011-04-29,0001274055,,DESERT CAPITAL REIT,0,0,0
11,2012-11-15,0001274563,,HELICOS BIOS,0,0,0
11,2009-11-16,0001275211,,SIMMONS,0,0,0
11,2014-05-04,0001275712,,GSE HLDG,0,0,0
11,2010-01-19,0001276477,,MORRIS PUBLISHING,0,0,0
11,2009-09-02,0001279831,,GIGABEAM,0,0,0
7,2009-05-01,0001281629,,CHATSWORTH DATA SOLUTIONS,0,0,0
11,2016-06-29,0001281922,,TRIANGLE PETRO,0,0,0
11,2015-10-14,0001282543,,AFFIRMATIVE INSURANCE HLDG,0,0,0
11,2015-05-08,0001282613,,AMER EAGLE ENERGY,0,0,0
11,2016-07-27,0001282648,HK,HALCON RES,0,0,2
11,2011-05-24,0001283552,,JACKSON HEWITT TAX SERVICE,0,0,0
11,2009-01-09,0001283664,,MERISANT WORLDWIDE,0,0,0
7,2010-02-25,0001283794,,NGTV,0,0,0
11,2016-07-27,0001283810,,ATLAS AMERICA SERIES 25-2004 (A),0,0,0
11,2009-10-26,0001283825,,MJD CAPITAL,0,0,0
11,2009-10-26,0001283826,,FAIRPOINT BROADBAND,0,0,0
11,2009-10-26,0001283829,,MJD SERVICES,0,0,0
11,2009-10-26,0001283834,,MJD VENTURES,0,0,0
11,2016-03-22,0001283843,,EMERALD OIL,0,0,0
7,2010-11-08,0001284453,,VISUAL MANAGEMENT SYS,0,0,0
11,2009-04-07,0001285043,,AVENTINE RENEWABLE ENERGY HLDG,0,0,0
11,2010-03-10,0001287151,XRM,XERIUM TECH,0,0,0
11,2010-03-30,0001287152,,XERIUM,0,0,0
11,2010-03-10,0001287159,,XERIUM V US,0,0,0
11,2010-03-30,0001287164,,XERIUM I US,0,0,0
11,2009-10-28,0001287900,,T-REX OIL,0,0,0
11,2013-03-24,0001288359,OTEL,OTELCO,0,0,0
11,2013-03-24,0001288361,,HOPPER TELECOMMUNICATIONS,0,0,0
7,2009-10-29,0001288946,,SOUTH TEXAS OIL,0,0,0
7,2010-11-17,0001289255,,INDEX OIL,0,0,0
7,2010-01-28,0001289370,,METAMORPHIX,0,0,0
11,2011-10-04,0001289480,,REAL MEX RESTAURANTS,0,0,0
11,2013-06-27,0001289701,,MERCANTILE BANC,0,0,0
11,2009-08-28,0001291983,,BASELINE OIL,0,0,0
11,2015-12-29,0001293310,,HUMANIGEN,0,0,0
11,2010-12-10,0001293377,,JEFFERSON MRI-BALA,0,0,0
11,2010-12-10,0001293379,,ORANGE COUNTY REGIONAL PET CENTER-IRVINE,0,0,0
11,2010-12-10,0001293385,,INSIGHT IMAGING SERVICES,0,0,0
11,2016-07-27,0001294208,,ATLAS AMERICA SERIES 25-2004 (B),0,0,0
11,2018-01-29,0001294250,,RAND LOGISTICS,0,0,0
11,2016-07-27,0001294476,,ATLAS AMERICA PUBLIC #14-2004,0,0,0
7,2014-12-29,0001296391,,TENGION,0,0,0
11,2010-01-29,0001296595,,CROSS CANYON ENERGY,0,0,0
11,2009-11-05,0001296937,,LAZY DAYS R.V. CENTER,0,0,0
11,2014-04-07,0001297720,,JAMES RIVER COAL,0,0,0
11,2010-06-23,0001298663,,CLEARPOINT BUSINESS RES,0,0,0
11,2009-04-29,0001299716,,U.S. SHIPPING PTRS,0,0,0
7,2009-08-14,0001300744,,SKINS,0,0,0
11,2015-08-03,0001301063,,ALPHA NATURAL RES,0,0,0
11,2013-09-16,0001301206,,ECOTALITY,0,0,0
11,2017-09-08,0001301712,,ICPW LIQUIDATION,0,0,0
7,2009-12-17,0001302502,,PACIFIC COAST NATL BANC,0,0,0
7,2013-07-25,0001303849,,AVANTAIR,0,0,0
11,2009-01-30,0001304588,,ESPRE SOLUTIONS,0,0,0
11,2010-07-09,0001305748,,HC PROVIDERS DIRECT,0,0,0
11,2011-12-16,0001309126,,MONEY TREE,0,0,0
11,2018-10-15,0001310067,SHLD,SEARS HLDG,0,0,2
11,2011-12-29,0001310488,,BIOFORCE NANOSCIENCES HLDG,0,0,0
11,2010-05-20,0001310527,,Q2EARTH,0,0,0
11,2017-08-02,0001311230,,TERRAVIA HLDG,0,0,0
11,2009-06-09,0001311396,,ATI LIQUIDATING,0,0,0
11,2014-03-25,0001311486,,GLOBAL GEOPHYSICAL SERVICES,0,0,0
11,2016-03-18,0001313024,,VENOCO,0,0,0
11,2009-02-03,0001314077,,BPI ENERGY HLDG,0,0,0
7,2012-08-16,0001316410,,FIRSTBANK FIN SERVICES,0,0,0
11,2009-10-21,0001318035,,NTK HLDG,0,0,0
11,2015-06-22,0001319009,,MIDWAY GOLD,0,0,0
11,2010-03-01,0001319842,,BLACK GAMING,0,0,0
11,2010-03-01,0001319845,,RBG,0,0,0
11,2010-03-01,0001319855,,B & B B,0,0,0
11,2009-08-03,0001320459,,COOPER-STANDARD AUTOMOTIVE,0,0,0
11,2009-08-03,0001320460,,COOPER-STANDARD AUTOMOTIVE FLUID SYSTEMS MEXICO HO,0,0,0
11,2009-08-03,0001320461,CPS,COOPER-STANDARD HLDG,6,0,2
11,2009-08-03,0001320462,,COOPER-STANDARD AUTOMOTIVE NC,0,0,0
11,2009-08-03,0001320463,,COOPER-STANDARD AUTOMOTIVE OH,0,0,0
11,2009-08-03,0001320465,,CSA SERVICES,0,0,0
11,2009-08-03,0001320467,,NISCO HLDG,0,0,0
11,2009-08-03,0001320468,,NORTH AMERICAN RUBBER,0,0,0
11,2009-08-03,0001320475,,STANTECH,0,0,0
11,2009-08-03,0001320476,,STERLING INVESTMENTS,0,0,0
11,2009-08-03,0001320477,,WESTBORN SERVICE CENTER,0,0,0
11,2011-03-30,0001321099,,DIGITALPOST INTERACTIVE,0,0,0
11,2009-04-28,0001321544,,AMER COMMUNITY NEWSPAPERS,0,0,0
11,2009-05-29,0001321544,,AMER COMMUNITY NEWSPAPERS,0,0,0
11,2014-08-06,0001322439,EGLE,EAGLE BULK SHIPPING,0,0,2
11,2009-03-01,0001322705,,SPANSION,0,0,0
11,2011-05-02,0001323056,,BERKLINE,0,0,0
7,2011-04-08,0001323163,,XSTREAM SYS,0,0,0
11,2009-03-09,0001323770,,PACIFIC ENERGY RES,0,0,0
7,2014-02-10,0001324759,,CEREPLAST,0,0,0
11,2014-04-21,0001326200,GNK,GENCO SHIPPING & TRADING,0,0,2
11,2016-05-11,0001326428,,ROAN RES,0,0,0
11,2011-08-01,0001326686,,155 EAST TROPICANA FINANCE,0,0,0
11,2011-08-01,0001326688,,155 EAST TROPICANA,0,0,0
11,2009-01-12,0001328910,,TRONOX,0,0,0
11,2011-09-07,0001329068,,NEWPAGE HLDG,0,0,0
11,2010-08-16,0001329184,,COVALENT ENERGY INTL,0,0,0
11,2010-11-24,0001329605,,PLATINUM ENERGY RES,0,0,0
7,2009-02-17,0001330340,,PLATINUM RESEARCH ORGANIZATION,0,0,0
11,2010-05-11,0001330487,,CHEM RX,0,0,0
11,2015-08-13,0001330849,,HERCULES OFFSHORE,0,0,0
11,2016-06-05,0001330849,,HERCULES OFFSHORE,0,0,0
11,2013-07-15,0001331427,,AGFEED INDUS,0,0,0
11,2013-10-09,0001332412,,VALLEY FORGE COMPOSITE TECH,0,0,0
11,2009-09-14,0001333291,,TRIPLE CROWN MEDIA,0,0,0
11,2011-03-28,0001334127,,HARRY & DAVID HLDG,0,0,0
11,2009-06-23,0001334872,,CAPE FEAR BANK,0,0,0
11,2009-06-30,0001334914,,GSC CAPITAL,0,0,0
11,2017-12-01,0001335103,,PROTEA BIOSCIENCES,0,0,0
7,2012-12-07,0001335104,,VICOR TECH,0,0,0
11,2015-12-15,0001335190,,MAGNUM HUNTER RES,0,0,0
11,2016-07-27,0001335236,,ATLAS AMERICA PUBLIC #15-2005 (A),0,0,0
7,2010-11-01,0001335288,,REOSTAR ENERGY,0,0,0
11,2016-07-27,0001336339,,ATLAS AMERICA PUBLIC #14-2005 (A),0,0,0
11,2011-08-19,0001336390,,RITZ INTERACTIVE,0,0,0
11,2015-10-05,0001336545,,AMER APPAREL,0,0,0
11,2014-12-07,0001337885,,DELIAS,0,0,0
11,2011-12-22,0001337913,,AHERN RENTALS,0,0,0
11,2016-04-30,0001338095,,NEPHROGENEX,0,0,0
11,2011-04-29,0001338949,,MAJESTIC CAPITAL,0,0,0
7,2009-11-11,0001340744,,ALTUS PHARMA,0,0,0
11,2010-12-09,0001340752,,MOLECULAR INSIGHT PHARMA,0,0,0
11,2012-07-23,0001341293,,NEOGENIX ONCOLOGY,0,0,0
11,2009-01-15,0001341497,,PHAGE BIOTECH,0,0,0
7,2013-04-01,0001341843,,POLYMEDIX,0,0,0
11,2016-07-27,0001342514,,ATLAS AMERICA SERIES 26-2005,0,0,0
11,2018-05-01,0001342643,,WORTHINGTON ENERGY,0,0,0
15,2014-02-21,0001342803,,SUNTECH POWER HOLDINGS CO.,0,0,0
11,2010-05-16,0001343360,,NEFF RENTAL,0,0,0
11,2016-04-14,0001343719,,ENERGY XXI,0,0,0
7,2012-11-21,0001343881,,SAFEGUARD SECURITY HLDG,0,0,0
7,2009-12-30,0001345059,,TANK SPORTS,0,0,0
11,2009-06-17,0001345968,,EBHI HLDG,0,0,0
11,2011-02-01,0001346222,,FIRST UNITED ETHANOL,0,0,0
11,2016-03-10,0001346526,,ESP RES,0,0,0
11,2009-03-03,0001346685,,STERLING MINING,0,0,0
11,2016-05-09,0001346980,CHAP,CHAPARRAL ENERGY,0,0,0
11,2016-05-16,0001349436,SD,SANDRIDGE ENERGY,0,0,2
11,2015-08-03,0001349976,,AMER STANDARD ENERGY,0,0,0
11,2017-09-12,0001351413,SDRL,SEADRILL,0,0,0
7,2009-03-20,0001351667,,INDALEX HOLDINGS FINANCE,0,0,0
11,2009-07-16,0001352045,,BASIN WATER,0,0,0
11,2013-12-02,0001355128,,ZCO LIQUIDATING,0,0,0
11,2010-02-03,0001355804,,SPHERIS,0,0,0
7,2009-08-17,0001356505,,SURFECT HLDG,0,0,0
11,2016-07-27,0001357361,,ATLAS AMERICA PUBLIC #15-2006 (B),0,0,0
11,2016-05-15,0001357371,,BREITBURN ENERGY PTRS,0,0,0
11,2009-05-12,0001357838,,STW RES HLDG,0,0,0
11,2012-12-11,0001358057,,LIFECARE HLDG,0,0,0
11,2009-05-15,0001359555,,PENDRELL,0,0,0
11,2011-06-26,0001360214,IMMY,IMPRIMIS PHARMA,0,0,0
11,2018-04-02,0001361937,,HARVEST OIL,0,0,0
11,2009-09-15,0001362614,,BARZEL INDUS,0,0,0
11,2009-08-09,0001362659,,TETRAGENEX PHARMA,0,0,0
11,2010-10-26,0001362659,,TETRAGENEX PHARMA,0,0,0
11,2009-07-13,0001363346,,RATHGIBSON,0,0,0
11,2015-03-05,0001364100,,CAL DIVE INTL,0,0,0
11,2016-12-20,0001367311,,DAKOTA PLAINS HLDG,0,0,0
11,2011-12-15,0001367387,,EXTERRA ENERGY,0,0,0
11,2009-03-31,0001367396,,SUPERMEDIA,0,0,0
11,2013-03-18,0001367396,,SUPERMEDIA,0,0,0
11,2009-10-19,0001367858,,STALLION OILFIELD SERVICES,0,0,0
11,2013-07-03,0001368218,,TOOTIE PIE COMPANY,0,0,0
11,2013-09-27,0001368900,,GATEHOUSE MEDIA,0,0,0
11,2012-12-14,0001369233,,UFOOD RESTAURANT,0,0,0
11,2010-02-19,0001370512,,HC INNOVATIONS,0,0,0
7,2009-04-07,0001372175,,USTELEMATICS,0,0,0
7,2009-10-14,0001374835,,IPTIMIZE,0,0,0
11,2016-07-27,0001374985,,ATLAS RES PUBLIC #16-2007 (A),0,0,0
11,2009-03-27,0001375083,,MERUELO MADDUX PROP,0,0,0
11,2013-06-14,0001375424,,ONCURE HLDG,0,0,0
11,2012-03-07,0001376502,,PANELTECH INTL HLDG,0,0,0
11,2015-03-10,0001376610,,HYCROFT MINING,0,0,0
11,2012-07-09,0001376812,,PATRIOT COAL,0,0,0
11,2015-03-02,0001377053,,ATHERONOVA,0,0,0
11,2012-02-23,0001377720,,CYBERDEFENDER,0,0,0
11,2009-07-13,0001378670,,GREENVILLE TUBE,0,0,0
11,2016-07-27,0001379763,,ATLAS AMERICA SERIES 27-2006,0,0,0
11,2011-11-07,0001379895,,DYNEGY,0,0,0
7,2011-08-05,0001382056,,VITAMINSPICE,0,0,0
7,2010-05-04,0001382399,,NORTHERNSTAR NATURAL GAS,0,0,0
11,2012-01-30,0001382805,,GAME TRADING TECH,0,0,0
11,2018-03-12,0001382911,,OREXIGEN THERAPEUTICS,0,0,0
11,2017-09-29,0001383154,,COPSYNC,0,0,0
11,2015-02-27,0001383960,,UNIVERSITY GENERAL HEALTH SYSTEM,0,0,0
11,2017-02-01,0001384072,,VANGUARD NATURAL RES,0,0,0
11,2016-05-01,0001385228,,DNIB UNWIND,0,0,0
11,2016-02-02,0001385544,,HORSEHEAD HLDG,0,0,0
11,2009-06-10,0001386927,,AXCESS MEDICAL IMAGING,0,0,0
11,2009-03-04,0001387371,,CHANGING WORLD TECH,0,0,0
11,2013-08-22,0001392477,,XTREME GREEN ELECTRIC VEHICLES,0,0,0
11,2009-04-16,0001393066,RFP,RESOLUTE FOREST PRODUCTS,0,0,0
11,2010-10-03,0001393614,,KENTUCKY USA ENERGY,0,0,0
11,2015-01-22,0001393631,,XHIBIT,0,0,0
11,2014-10-06,0001394954,,GT ADVANCED TECH,0,0,0
7,2009-07-27,0001395000,,NANODYNAMICS,0,0,0
11,2016-01-26,0001395864,,VERSO PAPER HLDG,0,0,0
11,2012-05-03,0001396426,,HAWKER BEECHCRAFT ACQUISITION,0,0,0
11,2014-03-23,0001396838,,DOLAN,0,0,0
11,2009-07-08,0001397087,,CCS MEDICAL HLDG,0,0,0
7,2011-02-15,0001397346,,BEST ENERGY SERVICES,0,0,0
11,2009-03-31,0001397396,,CMR MORTGAGE FUND II,0,0,0
11,2018-05-18,0001397516,,REX ENERGY,0,0,0
11,2012-02-05,0001397867,,GLOBAL AVIATION HLDG,0,0,0
7,2017-03-16,0001398702,,ELECTRONIC CIGARETTES INTL,0,0,0
11,2016-07-27,0001399541,,ATLAS RES PUBLIC #17-2008 (B),0,0,0
11,2016-07-27,0001399542,,ATLAS RES PUBLIC #17-2007 (A),0,0,0
11,2015-11-05,0001400000,,ABAKAN,0,0,0
11,2018-03-14,0001400891,,IHEARTMEDIA,0,0,0
11,2011-10-31,0001401106,,MF GLOBAL HLDG,0,0,0
11,2018-04-25,0001402281,,ERIN ENERGY,0,0,0
11,2010-09-20,0001402364,,ULTIMATE ESCAPES,0,0,0
11,2011-10-31,0001403053,,MF GLOBAL FINANCE NORTH AMERICA,0,0,0
11,2018-06-29,0001403085,,JRJR33,0,0,0
11,2017-04-18,0001403433,,AMERICA GREENER TECH,0,0,0
7,2013-05-10,0001403548,,KL ENERGY,0,0,0
11,2017-05-01,0001403853,NES,NUVERRA ENVIRONMENTAL SOLUTIONS,0,0,2
11,2014-04-13,0001405041,,MOMENTIVE PERFORMANCE MATERIALS,0,0,0
11,2010-11-04,0001405419,,GULFSTREAM INTL,0,0,0
7,2014-09-24,0001405424,,VISION INDUS,0,0,0
11,2009-08-27,0001406081,,GUARANTY FIN,0,0,0
11,2009-10-25,0001406508,,CAPMARK FIN,0,0,0
7,2011-08-02,0001406868,,PRESTO FOOD & BEVERAGE,0,0,0
11,2016-12-14,0001407190,,VIOLIN MEMORY,0,0,0
7,2012-07-03,0001407698,,BIOLEX THERAPEUTICS,0,0,0
11,2018-03-31,0001407703,,FIRSTENERGY SOLUTIONS,0,0,0
11,2016-03-01,0001410056,,GREENHUNTER RES,0,0,0
11,2010-04-21,0001410402,,CIRCLE ENTMNT,0,0,0
11,2010-12-10,0001410637,,RHI ENTMNT,0,0,0
11,2009-10-25,0001411272,,SJM CAP,0,0,0
11,2010-01-15,0001411286,,CAPMARK INVESTMENTS,0,0,0
11,2009-10-25,0001411374,,CAPMARK FINANCE,0,0,0
11,2009-10-25,0001411851,,CAPMARK CAPITAL,0,0,0
11,2009-10-25,0001412030,,COMMERCIAL EQUITY INVESTMENTS,0,0,0
11,2009-10-25,0001412193,,MORTGAGE INVESTMENTS,0,0,0
11,2018-10-09,0001412347,WMLP,WESTMORELAND RESOURCE PTRS,0,0,0
7,2009-03-27,0001413142,,PACIFIC RESTAURANT HLDG,0,0,0
11,2013-07-15,0001414367,,LUCA TECH,0,0,0
7,2011-08-24,0001416712,,IRON MINING,0,0,0
11,2014-11-09,0001418862,,KIOR,0,0,0
11,2015-12-03,0001419428,,VANTAGE DRILLING,0,0,0
11,2016-01-26,0001421182,VRS,VERSO,0,0,2
11,2017-03-01,0001421601,,WESTMOUNTAIN GOLD,0,0,0
11,2016-03-21,0001422109,,BLUE EARTH,0,0,0
11,2013-08-15,0001423239,,DESIGNLINE,0,0,0
11,2016-10-04,0001424328,,MULTIMEDIA PLATFORMS,0,0,0
11,2009-10-30,0001425319,,OTTER TAIL AG ENTERPRISES,0,0,0
11,2011-09-23,0001428059,,ENERGY & POWER SOLUTIONS,0,0,0
11,2009-09-15,0001429331,,AMER STEEL & ALUMINUM,0,0,0
11,2017-12-11,0001429386,,PHASERX,0,0,0
11,2018-07-15,0001429896,,ACTIVECARE,0,0,0
11,2011-09-07,0001430441,,NEWPAGE,0,0,0
7,2015-05-01,0001431888,,AVT,0,0,0
11,2011-08-08,0001432244,,WASTE2ENERGY HLDG,0,0,0
11,2016-07-27,0001432985,,ATLAS RES PUBLIC #18-2009 (B),0,0,0
11,2016-07-27,0001432987,,ATLAS RES PUBLIC #18-2008 (A),0,0,0
11,2016-07-27,0001433833,,ATLAS RES PUBLIC #18-2009 (C),0,0,0
11,2017-05-15,0001434589,,T3M,0,0,0
11,2017-01-17,0001434842,,FORBES ENERGY SERVICES,0,0,0
7,2012-07-30,0001434893,,CURAXIS PHARMA,0,0,0
11,2014-05-06,0001436164,,ORYON TECH,0,0,0
11,2010-11-17,0001439600,,LOCAL INSIGHT REGATTA HLDG,0,0,0
11,2011-09-06,0001443115,,SOLYNDRA,0,0,0
11,2009-07-13,0001443593,,GUARDIAN II ACQUISITION,0,0,0
11,2011-11-17,0001443799,,EURONAV MI II,0,0,0
11,2012-08-13,0001443818,,FREEDOM ENVIRONMENTAL SERVICES,0,0,0
11,2014-04-29,0001445049,,ENERGY FUTURE COMPETITIVE HLDG,0,0,0
11,2014-04-29,0001445146,,ENERGY FUTURE INTERMEDIATE HLDG,0,0,0
7,2011-12-12,0001448064,,ROOMSTORE,0,0,0
11,2012-02-03,0001449491,,VALIANT ACMS,0,0,0
11,2012-01-03,0001449709,,VALIANT HC,0,0,0
11,2011-03-04,0001450074,,CONSUMER PRODUCTS SERVICES,0,0,0
11,2013-09-17,0001451951,,FRIENDFINDER NETWORKS,0,0,0
11,2010-12-06,0001452206,,AD SYSTEMS COMM,0,0,0
11,2011-02-11,0001452384,,SEAHAWK DRILLING,0,0,0
11,2015-08-23,0001452476,,SEBRING SFTWR,0,0,0
11,2010-01-13,0001454238,,PPOA HLDG,0,0,0
11,2017-01-31,0001456455,,PFO GLOBAL,0,0,0
11,2018-03-14,0001457737,,IHEARTMEDIA CAPITAL I,0,0,0
11,2015-12-03,0001465872,,VANTAGE DRILLING INTL,0,0,0
11,2017-12-14,0001471261,,COBALT INTL ENERGY,0,0,0
11,2016-04-01,0001473061,,POSTROCK ENERGY,0,0,0
11,2017-06-13,0001475273,,SOUPMAN,0,0,0
11,2015-08-28,0001475899,,SABLE NATURAL RES,0,0,0
11,2017-04-12,0001476170,,UNILIFE,0,0,0
7,2014-07-11,0001476719,,CRUMBS BAKE SHOP,0,0,0
7,2012-11-09,0001477961,,LATITUDE SOLUTIONS,0,0,0
7,2012-02-17,0001478909,,WAVE2WAVE COMM,0,0,0
11,2012-02-06,0001479920,,TBS INTL,0,0,0
11,2016-07-27,0001487561,,ATLAS RES SERIES 28-2010,0,0,0
7,2015-03-17,0001487920,,USA SYNTHETIC FUEL,0,0,0
11,2015-06-25,0001489137,,MOLYCORP,0,0,0
11,2015-05-25,0001489161,,IMRIS,0,0,0
11,2016-11-08,0001490165,,ERICKSON,0,0,0
11,2017-03-13,0001490636,,G-ESTATE LIQUIDATION STORES,0,0,0
7,2012-09-11,0001490930,,DIGITAL DOMAIN MEDIA,0,0,0
7,2012-12-27,0001493587,,LUXEYARD,0,0,0
11,2017-05-11,0001496631,,FIRST NBC BANK HLDG,0,0,0
7,2013-02-14,0001497814,,CONTINUITYX SOLUTIONS,0,0,0
7,2012-12-05,0001501732,,INTERNAL FIXATION SYS,0,0,0
11,2013-02-17,0001503813,,RDA HLDG,0,0,0
15,2013-09-25,0001506932,,LONE PINE RES,0,0,0
11,2015-06-14,0001508677,,COLT DEFENSE,0,0,0
11,2017-01-04,0001509589,BCEI,BONANZA CREEK ENERGY,6,0,2
11,2015-06-14,0001512369,,COLT FINANCE,0,0,0
11,2016-10-31,0001514242,,OLD PSG WIND-DOWN,0,0,0
11,2014-08-11,0001514443,,HEALTH REVENUE ASSURANCE HLDG,0,0,0
11,2017-11-16,0001517342,,PACIFIC DRILLING,0,0,0
11,2017-01-16,0001521847,,AMPLIFY ENERGY,0,0,0
11,2017-06-06,0001526796,,IGNITE RESTAURANT,0,0,0
11,2011-11-29,0001526948,,AMR EAGLE HLDG,0,0,0
11,2015-04-07,0001532543,,EVERYWARE GLOBAL,0,0,0
11,2016-07-27,0001532750,,TITAN ENERGY,0,0,0
11,2016-06-07,0001532930,,SEVENTY SEVEN ENERGY,0,0,0
11,2016-04-30,0001533924,MPO,MIDSTATES PETROLEUM COMPANY,0,0,2
11,2018-05-04,0001534287,,BIOAMBER,0,0,0
11,2017-05-30,0001536256,,FIRST CAPITAL REAL ESTATE TRUST,0,0,0
11,2017-06-30,0001541354,,ASPIRITY HLDG,0,0,0
11,2016-05-11,0001549756,,LINNCO,0,0,0
11,2013-03-25,0001551510,,REVEL AC,0,0,0
11,2016-02-01,0001553588,,SFX ENTMNT,0,0,0
11,2018-07-10,0001554875,,TINTRI,0,0,0
11,2017-06-22,0001554923,,AINA LE'A,0,0,0
11,2016-05-02,0001555492,,FAIRWAY GROUP HLDG,0,0,0
11,2013-03-18,0001556739,,DEX MEDIA,0,0,0
11,2017-09-12,0001560186,,NORTH ATLANTIC DRILLING,0,0,0
11,2018-01-28,0001561551,,ENUMERAL BIOMEDICAL HLDG,0,0,0
11,2016-01-27,0001562594,,LIQUID HLDG,0,0,0
11,2016-01-31,0001568832,,RCS CAPITAL,0,0,0
11,2017-01-30,0001575599,,AZURE MIDSTREAM PTRS,0,0,0
11,2017-12-11,0001580185,,J.G. WENTWORTH,0,0,0
11,2016-06-13,0001581312,,CORE RESOURCE MANAGEMENT,0,0,0
7,2016-02-08,0001582054,,MILLENNIUM HC,0,0,0
11,2016-05-05,0001586300,,CHC,0,0,0
11,2016-03-16,0001588242,,DENVER PARENT,0,0,0
11,2016-02-16,0001594590,,PARAGON OFFSHORE,0,0,0
11,2017-04-19,0001602367,,ADEPTUS HEALTH,0,0,0
7,2016-05-18,0001613011,,CODE REBEL,0,0,0
11,2016-07-20,0001615817,CJ,C&J ENERGY SERVICES,6,0,2
11,2016-07-27,0001623595,,ATLAS ENERGY,0,0,0
11,2018-08-10,0001660719,ARLZ,ARALEZ PHARMA,0,0,0
